agent,n,n_no_sub,detection_acc,loc_acc_with_nosub_as_0,loc_acc_excluding_nosub,rca_acc_with_nosub_as_0,rca_acc_excluding_nosub
ReAct (GPT-5),523,46,0.6845124282982792,0.5889101338432122,0.6457023060796646,0.44550669216061184,0.48846960167714887
CC-Baseline,523,80,0.6673040152963671,0.6931166347992351,0.8182844243792325,0.5564053537284895,0.6568848758465011
SADE,523,22,0.8527724665391969,0.7925430210325047,0.8273453093812375,0.780114722753346,0.8143712574850299
